{
    "T": {
        "min": -12.999999999999996,
        "max": 39.4
    },
    "Po": {
        "min": 739.4000000000001,
        "max": 781.1
    },
    "P": {
        "min": 739.9999999999999,
        "max": 781.8
    },
    "Pa": {
        "min": -2.4,
        "max": 2.4
    },
    "U": {
        "min": 23.5,
        "max": 100.0
    },
    "DD": {
        "min": 1.0,
        "max": 17.0
    },
    "Ff": {
        "min": 0.0,
        "max": 7.0
    },
    "ff3": {
        "min": 1.5,
        "max": 13.5
    },
    "N": {
        "min": 0.0,
        "max": 9.0
    },
    "WW": {
        "min": 1.0,
        "max": 46.0
    },
    "W2": {
        "min": 1.0,
        "max": 7.0
    },
    "Tn": {
        "min": -16.099999999999998,
        "max": 32.0
    },
    "Tx": {
        "min": -8.999999999999996,
        "max": 40.0
    },
    "Cl": {
        "min": 1.0,
        "max": 10.0
    },
    "Nh": {
        "min": 1.0,
        "max": 9.0
    },
    "H": {
        "min": 1.0,
        "max": 9.0
    },
    "Cm": {
        "min": 1.0,
        "max": 8.0
    },
    "Ch": {
        "min": 1.0,
        "max": 7.0
    },
    "VV": {
        "min": 0.0,
        "max": 30.0
    },
    "Td": {
        "min": -19.900000000000006,
        "max": 28.7
    },
    "tR": {
        "min": -3.0,
        "max": 21.0
    },
    "E": {
        "min": 1.0,
        "max": 2.0
    }
}